id,brand_primary,text_clean_base,lex_label,lex_score,gold_label
7778,,"¬øen qu√© consiste la hora del planeta que se celebrar√° durante este fin de semana? ...internacional. en cuanto a las empresas que apoyar√°n la incitativa, wwf destac√≥ la participaci√≥n de organizaciones como coca-cola, sanitas, tetra pak, santander y mapfre, corporaciones principalmente espa√±olas. cueto asegur√≥ que algunas empresas colombianas...",neu,0.0,
12768,,"seguros de viaje: ¬øqu√© cubren y cu√°nto valen? ...60. tags: seguros, seguros sura, viajes inscr√≠bete a nuestro bolet√≠n de noticias s√≠guenos en whatsapp channels ¬øya eres premium? suscr√≠bete ac√°",neu,0.0,
12876,seguros bolivar,"segundo aniversario de bodas ...brayan smith s√°nchezperiodista alianza brayan smith s√°nchez - 05/17/2025 contigo seguros estableci√≥ alianza estrat√©gica con seguros bol√≠var y sura, para fortalecer la protecci√≥n de los neivanos. las empresas... reconocimiento de tropa en el batall√≥n cacica...",neu,0.0,
7416,,as√≠ o m√°s descarado‚Ä¶renuncie!! as√≠ o m√°s descarado‚Ä¶renuncie!!,neu,0.0,
5367,,ahora nos atracan de frente. porque en alianza con me est√°n cobrando un seguro que nunca solicit√©? exijo que me den aclaraci√≥n sobre el tema ya que por la l√≠nea 923 no hacen nada! ahora nos atracan de frente. porque en alianza con me est√°n cobrando un seguro que nunca solicit√©? exijo que me den aclaraci√≥n sobre el tema ya que por la l√≠nea 923 no hacen nada!,neu,0.0,
12567,,que personaje ese rasero! que personaje ese rasero!,neu,0.0,
2757,fiduciaria previsora,y la previsora que es p√∫blica?? y la previsora que es p√∫blica??,neu,0.0,
8891,,en qu√© fecha se realizar√° ? en qu√© fecha se realizar√° ?,neu,0.0,
12238,,"generalmente uso esta red para quejarme o para denunciar, pero hoy quiero felicitar y agradecerle a no solo por su atenci√≥n sino por una manifestaci√≥n de absoluta confianza, ante una reclamaci√≥n que les hice. generalmente uso esta red para quejarme o para denunciar, pero hoy quiero felicitar y agradecerle a no solo por su atenci√≥n sino por una manifestaci√≥n de absoluta confianza, ante una reclamaci√≥n que les hice.",neu,0.125,
8843,,grupo bancolombia hace parte del grupo sura. enroque no hay m√°s. grupo bancolombia hace parte del grupo sura. enroque no hay m√°s.,neu,0.0,
6196,sura,"vaxthera, la vacuna ""made in colombia"" es una realidad y marca un hito en la soberan√≠a sanitaria vaxthera: innovaci√≥n y soberan√≠a sanitaria en colombia el 29 de junio de 2021 seguros sura anunci√≥ la creaci√≥n de vaxthera , con el objetivo de consolidar la autonom√≠a sanitaria de colombia. esta empresa de biotecnolog√≠a, se enfocar√≠a en la...",neu,-0.062,
12216,,¬øes la nueva forma de robarle al ciudadano? ¬øsimplemente debo aceptar que me roben 50.070 pesos que me sirve para m√°s cosas? pido a que haga algo‚Ä¶ por qu√© yo como muchos les pasa igual y quien regula esto‚Ä¶. que me demuestren que yo tom√© ese servicio. ¬øes la nueva forma de robarle al ciudadano? ¬øsimplemente debo aceptar que me roben 50.070 pesos que me sirve para m√°s cosas? pido a que haga algo‚Ä¶ por qu√© yo como muchos les pasa igual y quien regula esto‚Ä¶. que me demuestren que yo tom√© ese servicio.,neu,0.0,
7828,fiduciaria previsora,comunicado sobre el teletrabajo ewn previsora seguros comunicado sobre el teletrabajo ewn previsora seguros,neu,0.0,
10030,,"tres plantas e infusiones para mejorar la circulaci√≥n en las piernas ...mapfre , explica que adem√°s de ayudar con la circulaci√≥n, puede llegar a facilitar la expulsi√≥n de la bilis acumulada en el organismo y disminuir la generaci√≥n de gases en el tubo digestivo. tambi√©n, reduce los c√≥licos, es diur√©tico, antiinflamatorio...",neu,0.18100000000000005,
2529,mapfre,"conozca la aplicaci√≥n que ayudar√° a resolver choques de tr√°nsito simples ...con una p√≥liza voluntaria de autos con alguna de estas compa√±√≠as, pueden hacer uso de la aplicaci√≥n: axa colpatria. seguros bol√≠var. liberty seguros. mapfre seguros. previsora seguros. sbs seguros. seguros generales suramericana. con esta informaci√≥n, las...",neu,0.0,
6324,,"carlos carrillo habla sobre iv√°n alfaro, el pol√©mico abogado de laura ojeda: ""es el director jur√≠dico ‚Äòde facto' de la ungrd"" ...con el 29 de febrero, ese d√≠a definitivamente olmedo cae, y el primero de marzo llega la directora encargada, elga rivas, que da la orden de detener toda la contrataci√≥n. y ah√≠ no pasa a la previsora. esto es un poco enredado, pero hay que entender que la...",neu,0.11250000000000004,
1838,allianz,"deportes | conmemorando los 150 a√±os de la aseguradora allianz, y con una campa√±a para generar conciencia ambiental, se corri√≥ la allianz 15k en bogot√°. deportes | conmemorando los 150 a√±os de la aseguradora allianz, y con una campa√±a para generar conciencia ambiental, se corri√≥ la allianz 15k en bogot√°.",neu,0.0,
6814,sura,"relevo en presidencia de grupo sura: ricardo jaramillo reemplaza a gonzalo a. p√©rez luego de permanecer cuatro a os al frente de uno luego de permanecer cuatro a√±os al frente de uno de los conglomerados financieros y empresariales m√°s importantes del pa√≠s, grupo suramericana de inversiones (grupo sura), se retira del cargo gonzalo...",neu,0.0,
5369,,"claro, la imagen corporativa del grupo sura se ver√≠a muy afectada. eso es lo que tratan de impedir. claro, la imagen corporativa del grupo sura se ver√≠a muy afectada. eso es lo que tratan de impedir.",neu,0.055999999999999994,
11624,,"no responden llamadas, no responden chats y su assis tampoco tiene datos para responder oportunamente. entonces?? arl no responden llamadas, no responden chats y su assis tampoco tiene datos para responder oportunamente. entonces?? arl",neu,0.0,
4488,,invit√© visita y se me rompi√≥ el tubo del agua ü´† invit√© visita y se me rompi√≥ el tubo del agua ü´†,neu,0.0,
5508,,apenas se vino a enterar que el grupo sura es una empresa inversora? asi de desinformados andan? apenas se vino a enterar que el grupo sura es una empresa inversora? asi de desinformados andan?,neu,0.0007999999999999674,
4892,fiduciaria previsora,ese benem√©rito jaime dusan fue maestro en el huila y fue escalando puestos politicos que con los votos de fecode llego al senado y fund√≥ a fomag que con la previsora guardan los ahorros pensionales de los docente! ahora esta que lo acaba para llevarlo a colpensiones! mala gente! ese benem√©rito jaime dusan fue maestro en el huila y fue escalando puestos politicos que con los votos de fecode llego al senado y fund√≥ a fomag que con la previsora guardan los ahorros pensionales de los docente! ahora esta que lo acaba para llevarlo a colpensiones! mala gente!,neu,0.0,
4614,,clasificados a la seleccion colombia - positiva compa√±ia de seguros 2024 de patinaje de velocidad ‚úÖ kollin castro es team clasificados a la seleccion colombia - positiva compa√±ia de seguros 2024 de patinaje de velocidad ‚úÖ kollin castro es team,neu,0.0,
8297,seguros bolivar,davivienda y seguros bol√≠var firman convenio para apoyar municipios vulnerables la alianza se llevar√° a cabo con usaid y tiene en miras estabilizar y transformar los territorios m√°s afectados por la violencia y la pobreza. | empresas | portafolio.co davivienda y seguros bol√≠var anuncian la firma de un convenio con la agencia de los...,neu,0.125,
886,hdi seguros,hdi seguros obtuvo la autorizaci√≥n de la superintendencia financiera para la fusi√≥n entre hdi seguros y hdi seguros colombia. la empresa se encuentra preparando todos los ajustes necesarios para operar como una √∫nica entidad hdi seguros obtuvo la autorizaci√≥n de la superintendencia financiera para la fusi√≥n entre hdi seguros y hdi seguros colombia. la empresa se encuentra preparando todos los ajustes necesarios para operar como una √∫nica entidad,neu,0.0,
5470,fiduciaria previsora,"üåü en previsora seguros, estamos comprometidos con proteger lo que m√°s valoras. descubre nuestros servicios y seguros, dise√±ados especialmente para brindarte tranquilidad y seguridad en cada etapa de tu vida. ü§ù üõ°Ô∏è tu tranquilidad es nuestra misi√≥n. previsoraseguros üåü en previsora seguros, estamos comprometidos con proteger lo que m√°s valoras. descubre nuestros servicios y seguros, dise√±ados especialmente para brindarte tranquilidad y seguridad en cada etapa de tu vida. ü§ù üõ°Ô∏è tu tranquilidad es nuestra misi√≥n. previsoraseguros",neu,0.0,
3692,,"93 d√≠as llevo intentando cancelar un seguro que no adquir√≠ y solo responden que reenv√≠e a otros canales de atenci√≥n. no encuentro soluci√≥n, me tienen entre dependencias para evitar mi solicitud. 93 d√≠as llevo intentando cancelar un seguro que no adquir√≠ y solo responden que reenv√≠e a otros canales de atenci√≥n. no encuentro soluci√≥n, me tienen entre dependencias para evitar mi solicitud.",neu,0.0,
4832,zurich,"llega a latam autocompara, una plataforma digital de seguros de autom√≥viles del banco santander ...de crear. autocompara ofrece seguros de coches y motos online de varias aseguradoras entre las que est√° mapfre, zurich y axa adem√°s de otras de las principales locales. cuenta con 1,4 millones de p√≥lizas comercializadas. la nueva plataforma absorber√° las...",neu,0.0,
6669,,"(videcolumna) la historia de la reforma pensional ...el acuerdo de las eps periodistaifm3 - abril 25, 2024 ultimas noticias ricardo jaramillo mej√≠a asume la presidencia de grupo sura periodistaifm1-n - abril 25, 2024 ultimas noticias ""si es guerra es guerra"": petro tras operaci√≥n militar en el cauca...",neu,0.0,
2870,mapfre,"disminuci√≥n del nivel de los embalses genera incertidumbre en el sector energ√©tico ...consecutivas"", concluy√≥ el analista de corficolombiana. ent√©rese: econom√≠a de colombia cerrar√≠a 2024 con un crecimiento de solo 1,8%: mapfre economics otras versiones empresas p√∫blicas de medell√≠n, epm, manifest√≥ que ante la decisi√≥n de ecopetrol, la...",neu,0.125,
6252,,"aumento de participaci√≥n de mujeres en juntas directivas se desaceler√≥ este a√±o en colombia ...hombres. igual se evidenci√≥ en el caso de grupo sura. lea tambi√©n: 81% de los trabajadores profesionales colombianos visualiza un futuro con inteligencia artificial ""esperamos que estos cambios sean coyunturales y que el compromiso con la diversidad de g√©nero...",neu,-0.09999999999999998,
1035,,"llevo d√≠as recibiendo llamadas del n√∫mero 3009129563. contesto y no hablan. lo bloqueo y ahora llega voicemail cada hora. seg√∫n truecaller corresponde a ""ventas seguros davivienda"", qu√© hace uno ah√≠ si ni siquiera dejan que uno conteste y diga algo? llevo d√≠as recibiendo llamadas del n√∫mero 3009129563. contesto y no hablan. lo bloqueo y ahora llega voicemail cada hora. seg√∫n truecaller corresponde a ""ventas seguros davivienda"", qu√© hace uno ah√≠ si ni siquiera dejan que uno conteste y diga algo?",neu,0.0,
4205,seguros bolivar,"llevo un mont√≥n de tiempo esperando que seguros bolivar me conteste por un cobro autom√°tico que ni siquiera autorice, ya que no necesito un seguro de trabajo porque no tengo trabajo! ü´†ü´† llevo un mont√≥n de tiempo esperando que seguros bolivar me conteste por un cobro autom√°tico que ni siquiera autorice, ya que no necesito un seguro de trabajo porque no tengo trabajo! ü´†ü´†",neu,0.0,
6922,,"usuarios a ofrecer nada, entonces me dijo mi correo y mis √∫ltimos 4 d√≠gitos del celular, como yo segu√≠ diciendo que no me interesaba el tipo procedi√≥ a decir que era importante tener este tipos de seguros porque en colombia se iban a acabar las eps usuarios a ofrecer nada, entonces me dijo mi correo y mis √∫ltimos 4 d√≠gitos del celular, como yo segu√≠ diciendo que no me interesaba el tipo procedi√≥ a decir que era importante tener este tipos de seguros porque en colombia se iban a acabar las eps",neu,0.0,
10100,,"es mentira que no han actualizado los precios, si fuera as√≠ yo no habr√≠a podido comprar ayer mi soat con axa colpatria, eso si,luego de voltear por varias aseguradoras. fijo el problema es otro. es mentira que no han actualizado los precios, si fuera as√≠ yo no habr√≠a podido comprar ayer mi soat con axa colpatria, eso si,luego de voltear por varias aseguradoras. fijo el problema es otro.",neu,0.0739999999999999,
10874,,es con ustedes es con ustedes,neu,0.0,
738,,"fasecolda celebr√≥ 25 a√±os del galard√≥n ‚Äòpremio al periodismo de seguros' ...; mar√≠a camila conde, coordinadora de asuntos normativos de fasecolda; m√≥nica orjuela cortes, secretaria general cesce; y carlos g√≥mez, secretario general de seguros alfa. foto: ovidio gonz√°lez/lr",neu,0.0,
5387,,¬øquien roba m√°s? a. la gente de tasajera b. grupo sura ¬øquien roba m√°s? a. la gente de tasajera b. grupo sura,neu,0.0,
9603,,"no estoy de acuerdo con la fecha de la cita, por lo que agradezco sea programada para una fecha m√°s pr√≥xima no estoy de acuerdo con la fecha de la cita, por lo que agradezco sea programada para una fecha m√°s pr√≥xima",neu,0.0,
14748,fiduciaria previsora,no olviden que el 51 % de la propiedad de neps era p√∫blica a trav√©s de la previsora y el 49% era de 3 cajas de compensaci√≥n familiar. as√≠ que la situaci√≥n de ella era como la de cajanal y caprecom. siguen las verdades a medias‚Ä¶. no olviden que el 51 % de la propiedad de neps era p√∫blica a trav√©s de la previsora y el 49% era de 3 cajas de compensaci√≥n familiar. as√≠ que la situaci√≥n de ella era como la de cajanal y caprecom. siguen las verdades a medias‚Ä¶.,neu,0.0,
7571,,por posibles irregularidades en contratos abren investigaci√≥n a la ungrd ...emergencia como consecuencia de la ola invernal que afect√≥ al pa√≠s a finales del a√±o 2022. el ente de control busca establecer si se presentaron hechos irregulares en los bilaterales suscritos a trav√©s de la previsora s.a..a..a..a..a..a.. a. con cargo al fideicomiso de...,neu,0.0,
7611,,"si alg√∫n dia tienen la oportunidad de obtener un seguro , rech√°cenla si alg√∫n dia tienen la oportunidad de obtener un seguro , rech√°cenla",neu,-0.12,
13751,sura,del aula a las organizaciones: estudiantes del pregrado en comunicaciones visitan seguros sura y bancolombiaüìöü§ù üëâüèªlee la nota completa aqu√≠: del aula a las organizaciones: estudiantes del pregrado en comunicaciones visitan seguros sura y bancolombiaüìöü§ù üëâüèªlee la nota completa aqu√≠:,neu,0.0,
8265,,"fedecacao: panorama del sector cacaotero de colombia en 2024 ...√≠ndoles. todo lo anterior ha permitido que las exportaciones actuales del sector cacaotero en colombia ya representen m√°s de us$130 millones al pa√≠s. recomendado: cacaoteros de colombia ser√°n apoyados por seguros bol√≠var, davivienda y fedecacao ""es un...",neu,-0.125,
2776,fiduciaria previsora,"ya existe respetado ignorante,hace mucho tiempo y goza de una excepci√≥n incluso en ley 80, es payasada del director,ni licitaci√≥n necesita, para eso tienen un corredor de seguros que les lleva ofertas y la previsora con un ente estatal no se niega a menos que haya crasos errores. ya existe respetado ignorante,hace mucho tiempo y goza de una excepci√≥n incluso en ley 80, es payasada del director,ni licitaci√≥n necesita, para eso tienen un corredor de seguros que les lleva ofertas y la previsora con un ente estatal no se niega a menos que haya crasos errores.",neu,0.11599999999999999,
4183,,"supersalud inicia proceso administrativo sancionatorio contra fiduprevisora ...apertura de un proceso administrativo sancionatorio contra la fiduciaria la previsora s.a..a..a..a..a..a..a., entidad encargada de manejar los recursos del r√©gimen de salud del magisterio. la medida se tom√≥ despu√©s de detectar presuntas omisiones y barreras en el acceso a los...",neu,0.0,
3837,,"mar√≠a ang√©lica restrepo, gerente de mk y comunicaciones de allianz colombia mar√≠a ang√©lica restrepo, gerente de mk y comunicaciones de allianz colombia",neu,0.0,
3655,,malparido de petro que est√° acabando con el empresariado colombiano malparido de petro que est√° acabando con el empresariado colombiano,neu,0.0,
10334,,hasta cuando se van a quedar con la plata de uno? siguen trabajando mi plata y pasan los d√≠as y no la regresan...q pasa con uds? cuantos d√≠as mas oarabuna devoluci√≥n hasta cuando se van a quedar con la plata de uno? siguen trabajando mi plata y pasan los d√≠as y no la regresan...q pasa con uds? cuantos d√≠as mas oarabuna devoluci√≥n,neu,0.0,
9356,,"pesimo servicio el de medicina prepagada de colombia, desde hace 2 a√±os se da√±o el servicio, incumplen todo el tiempo y los m√©dicos nunca tienen agenda... mal por estas empresas y por nuestra salud. pesimo servicio el de medicina prepagada de colombia, desde hace 2 a√±os se da√±o el servicio, incumplen todo el tiempo y los m√©dicos nunca tienen agenda... mal por estas empresas y por nuestra salud.",neu,0.24999999999999994,
15434,mapfre,"la academia hispanoamericana de doctores y ed&tic research center, con el apoyo del observatorio mapfre de finanzas sostenibles, te invitan al congreso internacional desarrollo humano y sostenibilidad 2025. bogot√°, 24 y 25 de abril de 2025. inscr√≠bete en la academia hispanoamericana de doctores y ed&tic research center, con el apoyo del observatorio mapfre de finanzas sostenibles, te invitan al congreso internacional desarrollo humano y sostenibilidad 2025. bogot√°, 24 y 25 de abril de 2025. inscr√≠bete en",neu,0.0,
11877,,p√°gina web no funciona para acceder a inscripci√≥nes p√°gina web no funciona para acceder a inscripci√≥nes,neu,0.0,
8930,mapfre,"aerom√©xico y mapfre donan motor al ipn tiempo de lectura: 2 minutos ¬©aerom√©xico aerom√©xico en colaboraci√≥n con mapfre, realizaron la donaci√≥n de un motor modelo genx-1b70c a fundaci√≥n polit√©cnico a.c, que ser√° utilizado por estudiantes de distintas carreras que se imparten en el instituto...",neu,-0.125,
3839,fiduciaria previsora,"sector fiduciario registr√≥ crecimiento de 10,61% en los activos administrados en 2024 supersalud impuso medida cautelar contra la fiduciaria de la previsora y el fomag el sector fiduciario report√≥ crecimiento de 10,61% en los activos administrados en 2024. es por ello que, asofiduciarias, entidad presidida por german arce zapata, destac√≥...",neu,0.0,
2536,mapfre,"conozca la aplicaci√≥n que ayudar√° a resolver choques de tr√°nsito simples ...cu√°les compa√±√≠as a partir de hoy, quienes cuenten con una p√≥liza voluntaria de autos con alguna de estas compa√±√≠as, pueden hacer uso de la aplicaci√≥n: axa colpatria. seguros bol√≠var. liberty seguros. mapfre seguros. previsora seguros. sbs seguros...",neu,0.0,
2667,,"le traemos consejos para cuando sienta que est√° viviendo una ""tusa"" en nuestro p√≥dcast, seguros nos pasa. esc√∫chelo en spotify y youtube aqu√≠: le traemos consejos para cuando sienta que est√° viviendo una ""tusa"" en nuestro p√≥dcast, seguros nos pasa. esc√∫chelo en spotify y youtube aqu√≠:",neu,0.0,
837,fiduciaria previsora,"primeroenlafm | la fm de rcn conoci√≥ que previsora seguros fue seleccionada para proporcionar las p√≥lizas de los 80 carrotanques varados en la guajira, cuya compra fue el detonante del esc√°ndalo de corrupci√≥n en la gesti√≥n del riesgo. primeroenlafm | la fm de rcn conoci√≥ que previsora seguros fue seleccionada para proporcionar las p√≥lizas de los 80 carrotanques varados en la guajira, cuya compra fue el detonante del esc√°ndalo de corrupci√≥n en la gesti√≥n del riesgo.",neu,0.0,
9961,liberty seguros,"inicie el a√±o evitando fraudes al adquirir seguros y p√≥lizas ...dinero de la prima, sino que suelen enterarse de que est√°n desprotegidos al momento de tener un siniestro, que es cuando m√°s necesitan tener ese respaldo"", se√±ala c√©sar rodr√≠guez, country manager de liberty seguros colombia. ‚Ä¢ grupo covisian lanza su...",neu,-0.22499999999999998,
5978,,"se√±ores est√°n llamando a su nombre pidiendo datos y alerta do sobre un supuesto fraude, y son defraudadores. hoy los descubri con dos preguntas claves, pero suenan reales, dicen ser del grupo antifraudes ü§†ü§† üëáüëá ah√≠ les paso el n√∫mero se√±ores est√°n llamando a su nombre pidiendo datos y alerta do sobre un supuesto fraude, y son defraudadores. hoy los descubri con dos preguntas claves, pero suenan reales, dicen ser del grupo antifraudes ü§†ü§† üëáüëá ah√≠ les paso el n√∫mero",neu,0.0,
3757,,"¬°que tal! esa asistencia360 de en alianza con davivienda, es una estafa, viene debit√°ndose cada mes de la tc y me llevo la sorpresa al solicitar un servicio, de que no tengo activa tal asistencia, adem√°s de ser imposible la comunicaci√≥n‚Ä¶ no se dejen enga√±ar ¬°que tal! esa asistencia360 de en alianza con davivienda, es una estafa, viene debit√°ndose cada mes de la tc y me llevo la sorpresa al solicitar un servicio, de que no tengo activa tal asistencia, adem√°s de ser imposible la comunicaci√≥n‚Ä¶ no se dejen enga√±ar",neu,0.0,
2505,fiduciaria previsora,"procuradur√≠a mediar√° para la expedici√≥n de p√≥lizas de seguros todo riesgo a los carrotanques involucrados en el esc√°ndalo de corrupci√≥n de la ungrd ...a directivos de la unidad de riesgo de desastres como del gremio de las aseguradoras, fasecolda, y la empresa de seguros la previsora para buscar una salida a esta situaci√≥n y que se permita que los veh√≠culos puedan prestar el servicio para el cual fueron...",neu,0.0,
6935,seguros bolivar,"indemnizaci√≥n del seguro ¬¥tranquilidad rural¬¥ ‚Äì desplazada.co por un campo colombiano con mayores oportunidades, el ministerio de agricultura y desarrollo rural, a trav√©s de finagro, davivienda y seguros bol√≠var se unieron para entregar seguros agropecuarios sin costo para proteger a los productores ante los efectos...",neu,0.14,
11484,sura,"esto vale el soat para motos el√©ctricas en colombia para que no lo 'chancleteen' con multa ...aseguradoras. los propietarios de estos veh√≠culos pueden realizar la compra de manera conveniente a trav√©s de las plataformas web oficiales de las aseguradoras habilitadas en el pa√≠s. empresas l√≠deres del sector como axa colpatria, sura y mapfre, entre otras...",neu,0.0,
1511,mapfre,"expertos aclaran qui√©n paga la p√≥liza de arrendamiento, si el due√±o o el inquilino ...arrendamiento existentes en el pa√≠s, no est√° de m√°s el pago de una p√≥liza de arrendamiento en caso de que ocurra alg√∫n tipo de percance, ya sea por parte del arrendador o del arrendatario. seg√∫n explica mapfre en su p√°gina web, estos son los requisitos para solicitar...",neu,0.0,
1474,,"naturgy destina 15 millones a sustituir todos los equipos da√±ados de sus clientes por la dana ...zonas afectadas , asegur√≥. fundaci√≥n mapfre lanza una campa√±a de recaudaci√≥n para los afectados por la dana the objective esta iniciativa ya se puede gestionar a trav√©s de los canales del servicio de atenci√≥n al cliente de nedgia (‚Äò tambi√©n...",neu,0.0,
5621,sura,"si quebraron, lea el documento y datos que sura public√≥. ah√≠ se da cuenta cuanta plata perdi√≥ el grupo sura solo por mantener viva su eps por 2 a√±os m√°s. si quebraron, lea el documento y datos que sura public√≥. ah√≠ se da cuenta cuanta plata perdi√≥ el grupo sura solo por mantener viva su eps por 2 a√±os m√°s.",neu,0.0,
4617,,clasificados a la seleccion colombia - positiva compa√±ia de seguros 2024 de patinaje de velocidad ‚úÖ carlos pisciotti es team clasificados a la seleccion colombia - positiva compa√±ia de seguros 2024 de patinaje de velocidad ‚úÖ carlos pisciotti es team,neu,0.0,
2629,fiduciaria previsora,"son insufribles con su ignorancia,descubren que el gbno hace placa huellas hace 20 a√±os,que la previsora es estatal,que las ffmm hacen puentes y ayudan en emergencias,que existen las licitaciones,que el erario no es inmarcesible,que los combustibles financian al estado, en fin‚Ä¶ son insufribles con su ignorancia,descubren que el gbno hace placa huellas hace 20 a√±os,que la previsora es estatal,que las ffmm hacen puentes y ayudan en emergencias,que existen las licitaciones,que el erario no es inmarcesible,que los combustibles financian al estado, en fin‚Ä¶",neu,-0.18700000000000006,
9331,,jajajajajaja jajajajajaja,neu,0.0,
7021,,"jajajajaajaj mucha mal.......ida, si se compraron 9 congresistas del partido liberal, mucha hpta, esta mamerta es la perdici√≥n, les dieron de todo acesos congresistas liberales, la previsora, contratos millonarios, malditos hptas, ustedes son una porqueria,mucha lacra jajajajaajaj mucha mal.......ida, si se compraron 9 congresistas del partido liberal, mucha hpta, esta mamerta es la perdici√≥n, les dieron de todo acesos congresistas liberales, la previsora, contratos millonarios, malditos hptas, ustedes son una porqueria,mucha lacra",neu,0.22599999999999998,
12271,,"el humor m√°s absurdo para huir de los problemas generacionales: ""se crea un espacio anestesiante"" ..., iberdrola, iberia, mapfre, la organizaci√≥n de estados iberoamericanos (oei), redeia, y santander, wpp media y el partner estrat√©gico oliver wyman. puedes apuntarte aqu√≠ para recibir la newsletter semanal de el pa√≠s tendencias, todos los martes, de la mano...",neu,0.0,
2970,,ya uno no puede tener dinero en porque cuando va mirar los extractos ve que le roban a uno con la mierda esa de que nunca he aceptado.ü§¨ ya uno no puede tener dinero en porque cuando va mirar los extractos ve que le roban a uno con la mierda esa de que nunca he aceptado.ü§¨,neu,0.0,
9404,,"tu hogar üè° es tu refugio. protege tu espacio con nuestros seguros de hogar, dise√±ados para adaptarse a tus necesidades y brindarte seguridad completa. üõ°Ô∏èüè† conoce m√°s aqu√≠ segurodehogar tu hogar üè° es tu refugio. protege tu espacio con nuestros seguros de hogar, dise√±ados para adaptarse a tus necesidades y brindarte seguridad completa. üõ°Ô∏èüè† conoce m√°s aqu√≠ segurodehogar",neu,0.0,
2056,,grupo sura presenta versi√≥n in√©dita del himno de colombia que re√∫ne el canto de aves grupo sura presenta versi√≥n in√©dita del himno de colombia que re√∫ne el canto de aves,neu,0.0,
10053,sura,"estos son los mensajes que enviaron eps sura y seguros sura a todos sus usuarios la compa√±√≠a hab√≠a advertido de la crisis en sus estados financieros donde la eps hab√≠a reportado p√©rdidas por m√°s de $210.000 millones en apenas cinco d√≠as que han transcurrido de 2024, diversas informaciones han surgido de eps sura y seguros sura, lo...",neu,0.0003999999999999837,
14375,,el ingeniero cale√±o jaime gilinski bacal es distinguido como el empresario del a√±o ...perder el control que ejerc√≠an desde hac√≠a tiempo sobre las dem√°s empresas. esto llev√≥ a una tregua en la que se logr√≥ un acuerdo para que gilinski se quedara con nutresa a cambio de salir de su participaci√≥n en grupo sura. el nuevo empresario del a√±o ha...,neu,0.17500000000000004,
5042,,"importante compa√±√≠a de seguros busca trabajadores en colombia con experiencia en el sector comercial las vacantes son para personas que vivan en bogot√°, medell√≠n y cali. los sueldos alcanzan los seis millones de pesos si actualmente est√° en busca de un empleo, esta es la ocasi√≥n perfecta. la compa√±√≠a de seguros axa colpatria habilit√≥ nuevas vacantes...",neu,0.20800000000000002,
2926,,"ciberseguridad: con el aumento de las amenazas cibern√©ticas, proteger infraestructuras cr√≠ticas y sistemas de informaci√≥n es crucial. las habilidades en ciberseguridad se han convertido en una prioridad para las organizaciones. üõ°Ô∏èüíª ciberseguridad ciberseguridad: con el aumento de las amenazas cibern√©ticas, proteger infraestructuras cr√≠ticas y sistemas de informaci√≥n es crucial. las habilidades en ciberseguridad se han convertido en una prioridad para las organizaciones. üõ°Ô∏èüíª ciberseguridad",neu,0.0,
9909,,¬øqu√© cubre el soat 2024? estos son los servicios que incluye para el carro o la moto ...transporte y movilizaci√≥n. la lista de aseguradoras que comparte la federaci√≥n para adquirir y que cumplen con las normativas en colombia son: - aseguradora solidaria de colombia. - axa colpatria seguros. - equidad seguros. - liberty seguros...,neu,0.125,
3302,,"el truco poco conocido sobre c√≥mo asegurar las maletas para que no las abran en los aeropuertos ...esfuerzo. es clave adoptar medidas que permitan proteger el equipaje. | foto: getty images la compa√±√≠a de seguros mapfre, en su p√°gina web, brinda algunas recomendaciones para tener en cuenta a la hora de proteger la maleta. ¬øc√≥mo proteger la maleta?es...",pos,0.3315,
7075,fiduciaria previsora,"aunque el partido liberal dice que la reforma pensional se salv√≥ por un acuerdo program√°tico, la cierto es que lo que se acord√≥ fue entregar el manejo de la previsora a cambio del apoyo a esta reforma. la mermelada sigue siendo la que manda en el pa√≠s.. aunque el partido liberal dice que la reforma pensional se salv√≥ por un acuerdo program√°tico, la cierto es que lo que se acord√≥ fue entregar el manejo de la previsora a cambio del apoyo a esta reforma. la mermelada sigue siendo la que manda en el pa√≠s..",pos,0.71,
8182,fiduciaria previsora,"ded√≠quese a fortalecer la tesis del aseguramiento integral en salud de entidades del estado, caso nueva eps y aseguradora la previsora y encontrar√° m√°s apoyo que el actual. basado en el eficiente y exitoso modelo de aseguramiento integral en salud de y ded√≠quese a fortalecer la tesis del aseguramiento integral en salud de entidades del estado, caso nueva eps y aseguradora la previsora y encontrar√° m√°s apoyo que el actual. basado en el eficiente y exitoso modelo de aseguramiento integral en salud de y",pos,3.75,
13068,,"alcalde de anserma gana premio nacional por gesti√≥n en agua potable ...gracias a empocaldas, la fiduprevisora, la uni√≥n temporal obras por impuestos, autopistas del caf√©, grupo sura, reencaf√© y pcp, nuestra regi√≥n avanza con paso firme hacia el desarrollo"", expres√≥ el alcalde reina mu√±oz al recibir el galard√≥n. la...",pos,0.563,
2078,,"responsabilidad organizacional y el valor probatorio de la historia cl√≠nica con fundamento en los hechos, rosalba cardona √°lzate instaur√≥ demanda en contra de fundaci√≥n m√©dico preventiva para el bienestar social s.a. y fiduciaria la previsora s.a..a..a..a..a..a..a y solicit√≥ condenas por los‚Ä¶ responsabilidad organizacional y el valor probatorio de la historia cl√≠nica con fundamento en los hechos, rosalba cardona √°lzate instaur√≥ demanda en contra de fundaci√≥n m√©dico preventiva para el bienestar social s.a. y fiduciaria la previsora s.a..a..a..a..a..a..a y solicit√≥ condenas por los‚Ä¶",pos,1.848,
8298,,y firman convenio para apoyar municipios vulnerables. la alianza se llevar√° a cabo con usaid y tiene en miras estabilizar y transformar los territorios m√°s afectados por la violencia y la pobreza.‚¨áÔ∏è y firman convenio para apoyar municipios vulnerables. la alianza se llevar√° a cabo con usaid y tiene en miras estabilizar y transformar los territorios m√°s afectados por la violencia y la pobreza.‚¨áÔ∏è,pos,0.5,
3576,seguros bolivar,"¬øqu√© les preocupa a los colombianos en t√©rminos de salud? ...realizado por el √°rea de optimizaci√≥n de seguros bol√≠var y servicios bol√≠var*, existen tres principales preocupaciones en los colombianos a la hora de gestionar sus necesidades de salud: 1. en la actualidad, el 57% de los encuestados mencion√≥ su preocupaci√≥n...",pos,1.0,
9956,hdi seguros,"as√≠ puede recibir un bono de hasta 150 mil pesos en gasolina comprando el seguro de auto con la agencia de seguros falabella la agencia de seguros falabella intermedia la venta de seguros en alianza con axa colpatria, liberty, equidad seguros, hdi seguros y sbs seguros. | foto: istock veh√≠culos as√≠ puede recibir un bono de hasta 150 mil pesos en gasolina comprando el seguro de...",pos,0.255,
2274,,"por programas de econom√≠a circular y empleo incluyente, pavco wavin recibe reconocimiento xposible 2024 ...alimentos colombia, procafecol, monet colombia, colgas, nebulon, pleia, compa√±√≠a de seguros bol√≠var, davivienda y alquer√≠a fueron algunas de las empresas que tambi√©n hicieron parte de la competencia. esto, sin duda, es una recompensa al compromiso de pavco wavin...",pos,0.344,
7265,fiduciaria previsora,"üåêcon el seguro de responsabilidad civil riesgo cibern√©tico de previsora seguros, proteges tu negocio ante amenazas cibern√©ticas y est√°s preparado para cualquier eventualidad. ¬°cont√°ctanos para obtener la protecci√≥n que necesitas en segurocibern√©tico üåêcon el seguro de responsabilidad civil riesgo cibern√©tico de previsora seguros, proteges tu negocio ante amenazas cibern√©ticas y est√°s preparado para cualquier eventualidad. ¬°cont√°ctanos para obtener la protecci√≥n que necesitas en segurocibern√©tico",pos,2.242,
13562,sura,todo sobre seguros aldo dijo: hola a todos. para asegurar un carro de 100 millones (valor fasecolda) me est√°n ofreciendo las siguientes p√≥lizas: 1. axa colpatria plus $1.827.000 2. sura autos global $2.937.628 3. bolivar full $3.530.397 4. mapfre super trebol $2.659.433 5...,pos,1.1595,
13574,sura,todo sobre seguros hola a todos. para asegurar un carro de 100 millones (valor fasecolda) me est√°n ofreciendo las siguientes p√≥lizas: 1. axa colpatria plus $1.827.000 2. sura autos global $2.937.628 3. bolivar full $3.530.397 4. mapfre super trebol $2.659.433 5. allianz...,pos,1.1595,
5222,sura,"avisan qu√© pasar√° con usuarios de salud bol√≠var eps luego de anuncio que sorprendi√≥ ..., es una de las m√°s grandes del pa√≠s con m√°s de 5 millones de afiliados. ""en cumplimiento de los deberes de divulgaci√≥n de informaci√≥n relevante, suramericana s.a. (filial de grupo sura, especializada en la industria de seguros, y gesti√≥n de tendencias y...",pos,0.875,
4613,,"los analistas del mercado proyectan que la inflaci√≥n continu√≥ estancada en junio ...investigaciones econ√≥micas sobre las perspectivas para lo que resta de a√±o. los analistas prev√©n que la inflaci√≥n cierre en promedio en 5,67%, donde el m√≠nimo ser√≠a de 5,20%y el m√°ximo de 6,20%. empresas como axa colpatria y citi est√°n desde el lado bajista...",pos,0.75,
8788,,ponen orden en normas sobre conflictos de inter√©s en empresas ...(opa) que el grupo gilinski y sus socios √°rabes lanzaran sobre grupo nutresa y posteriormente sobre grupo sura y sobre las cuales giraron decisiones y argumentos sobre conflictos de inter√©s dadas las autorizaciones que debieron tomarse a trav√©s de m√°s de 30...,pos,1.017,
8703,seguros bolivar,"d√≠a mundial de las enfermedades raras o hu√©rfanas ...febrero durante los a√±os bisiestos , en seguros bol√≠var le ofrecemos m√°s detalles sobre este d√≠a, porque estar informado, tambi√©n es una manera de prevenir y cuidar de su salud. ¬øqu√© son las enfermedades raras, hu√©rfanas y olvidadas? en colombia, el...",pos,1.494,
6551,fiduciaria previsora,muy acertado por ser parte del modelo integral de aseguramiento en salud entre una aseguradora del estado como es la previsora y un fondo parafiscal fomag. es r√©plica acertada del eficaz modelo de aseguramiento entre y muy acertado por ser parte del modelo integral de aseguramiento en salud entre una aseguradora del estado como es la previsora y un fondo parafiscal fomag. es r√©plica acertada del eficaz modelo de aseguramiento entre y,pos,2.582,
2789,,"las frutas que proveen al programa de hit social postob√≥n vienen de 1.576 familias ...a mujeres agricultoras, y esta actividad se hizo en alianza con finagro y seguros bol√≠var. la compa√±√≠a tambi√©n supone como un fuerte impulsor del trabajo femenino. casi 31% de los agricultores vinculados 490 son mujeres, y 151 mujeres se formaron en...",pos,0.643,
3243,mapfre,"banco contactar lanza microseguros voluntarios inclusivos para peque√±os empresarios en colombia ...""para banco contactar es muy importante atender de manera integral a nuestros clientes y, por eso, complementamos nuestros servicios con microseguros voluntarios inclusivos, junto a aliados estrat√©gicos como buk seguros y mapfre que les permitir√° a los...",pos,0.375,
11291,fiduciaria previsora,"fecode pide audiencia urgente a petro: reconoce avances, pero advierte graves fallas en nuevo modelo de salud ...jur√≠dica a los prestadores. d) exista un compromiso serio y real por parte de la fiduciaria la previsora en el respeto a la ley 91 de 1989 y apego estricto al acuerdo 003 de abril de 2024 del consejo directivo del fomag. e) se recomiende la aprobaci√≥n, por...",pos,1.088,
7569,,"procuradur√≠a abre indagaci√≥n en ungrd por nuevo caso de presuntas fallas en contratos ...emergencia presentada a finales de dicho a√±o en varias regiones del pa√≠s. en concreto, el √≥rgano de control dirigido por margarita cabello blanco buscar√° documentar si hubo falencias en los bilaterales suscritos por medio de la previsora s.a..a..a..a..a..a.. a., ""con cargo al...",pos,0.5,
5830,,"me paso lo mismo con mi daviplata, me descontaron un dinero y nunca lo devolvieron con el cuento de un seguro que nunca tome , ni solicite y para variar ninguna de esas entidades me respondieron, la pl√°tica se perdi√≥ me paso lo mismo con mi daviplata, me descontaron un dinero y nunca lo devolvieron con el cuento de un seguro que nunca tome , ni solicite y para variar ninguna de esas entidades me respondieron, la pl√°tica se perdi√≥",pos,0.49500000000000016,
2581,fiduciaria previsora,la soluci√≥n puede ser reforzar modelos de aseguramiento integral en salud? el grupo bicentenario con sus aseguradoras positiva y la previsora en alianza con nueva eps tendr√≠an gran campo para actuar ? la soluci√≥n puede ser reforzar modelos de aseguramiento integral en salud? el grupo bicentenario con sus aseguradoras positiva y la previsora en alianza con nueva eps tendr√≠an gran campo para actuar ?,pos,1.4260000000000002,
128,,"excelente. si, es bueno saber el rendimiento en la movilidad bogotana. yo por lo pronto, seguir√© con mi moto (si es que alg√∫n d√≠a decide autorizar el cambio del rin) excelente. si, es bueno saber el rendimiento en la movilidad bogotana. yo por lo pronto, seguir√© con mi moto (si es que alg√∫n d√≠a decide autorizar el cambio del rin)",pos,2.958,
7799,,"se√±ores en represalia por que nos quejamos con la super nos dejo tirados en la terminal de barranquilla no nos aprobo traslado interno, muy a pesar que se solicit√≥ con el tiempo prudente.. w se√±ores en represalia por que nos quejamos con la super nos dejo tirados en la terminal de barranquilla no nos aprobo traslado interno, muy a pesar que se solicit√≥ con el tiempo prudente.. w",pos,1.125,
8935,sura,"todo sobre el soat ocruz dijo: a mi hermano le toc√≥ por la p√°gina de rappi cobran como $40 mil de m√°s, no encontramos otra opci√≥n. la p√°gina de sura pas√≥ igual a lo que describe con mundial y r5. yo lo compr√© en julio del a√±o pasado en la previsora:",pos,0.25,
14750,mapfre,c√≥mo me vas a decir t√∫ a m√≠ que aprenda blockchain si tengo a√±os trabajando en le √°rea de la actividad aseguradora como analista de riesgo con compa√±√≠as como mapfre y liberty mutual. esos sistemas operativos seguros es nuestro pan de cada d√≠a! c√≥mo me vas a decir t√∫ a m√≠ que aprenda blockchain si tengo a√±os trabajando en le √°rea de la actividad aseguradora como analista de riesgo con compa√±√≠as como mapfre y liberty mutual. esos sistemas operativos seguros es nuestro pan de cada d√≠a!,pos,0.5,
11456,seguros bolivar,"colombia conversa en clave laboral ...reunir√° a empresarios, abogados laboralistas, l√≠deres de talento humano y expertos en pol√≠ticas p√∫blicas para analizar a fondo las reformas que est√°n redefiniendo las relaciones de trabajo en el pa√≠s. davivienda y seguros bol√≠var lideran encuentro con...",pos,0.458,
7469,,"a david luna estar√≠a impedido para participar de la reforma a la salud.üö® lo financiaron en mas de cien millones seguros bol√≠var, mercantil colpatria, tecnoqu√≠micas y jgb; empresas proveedoras del sistema de salud y oferentes de medicina prepagada conflicto de inter√©s. a david luna estar√≠a impedido para participar de la reforma a la salud.üö® lo financiaron en mas de cien millones seguros bol√≠var, mercantil colpatria, tecnoqu√≠micas y jgb; empresas proveedoras del sistema de salud y oferentes de medicina prepagada conflicto de inter√©s.",pos,0.8919999999999999,
887,hdi seguros,"fusi√≥n entre hdi seguros y hdi seguros colombia fue aprobada por la superfinanciera ...entidad bajo la marca hdi seguros y la raz√≥n social hdi seguros colombia. a partir de la primera semana de enero de 2025, esto implicar√° la desaparici√≥n completa de la marca liberty seguros y de la raz√≥n social hdi seguros. este proceso de integraci√≥n, iniciado...",pos,0.786,
7376,seguros bolivar,"cne abri√≥ indagaci√≥n contra el partido liberal por aportes de empresas ligadas a sanitas ...que en un plazo de cinco d√≠as una vez sean notificados certifique la existencia, representaci√≥n legal y objeto social de las siguientes entidades de keralty, seguros comerciales bol√≠var, compa√±√≠a de seguros bol√≠var, grupo bol√≠var y banco davivienda. eps...",pos,0.998,
619,seguros bolivar,"cne descarta denuncia contra asi por financiaci√≥n indebida; faltaron pruebas sobre recursos de empresas privadas ..., incluyendo keralty s.a.s., seguros bol√≠var s.a. y el banco davivienda s.a., entre otras. estas acusaciones se originaron durante el debate de la reforma a la salud llevado a cabo en la comisi√≥n s√©ptima del senado en el periodo legislativo anterior. en ese entonces...",pos,0.375,
15411,seguros bolivar,¬øqu√© valor tiene el soat para una moto 150 cc o m√°s de 200 cc? tarifa oficial ...aaseguradora solidaria de colombia ltda. (entidad cooperativa).axa colpatria seguros s.a.la equidad seguros generales (organismo cooperativo).liberty seguros s.a.¬øc√≥mo adquirirlo por internet? seguros bol√≠var s.a.: tal y como se informa desde la p√°gina web...,pos,1.375,
1906,,"en octubre conectividad a√©rea internacional de colombia ha crecido 10% ...¬°convoca asamblea extraordinaria! grupo sura tambi√©n eval√∫a su participaci√≥n en argos colombiareforma laboral de petro: impactos en sectores clave y su eficiencia operativa colombiaecopetrol inaugur√≥ granja solar la cira infantas, en santander...",pos,0.625,
38,fiduciaria previsora,est√°n robando a las personas con el soat se hacen pasar por previsora seguros por favor hagan algo al respecto para que no caigan mas incautos est√°n robando a las personas con el soat se hacen pasar por previsora seguros por favor hagan algo al respecto para que no caigan mas incautos,pos,0.5,
88,sura,"en respuesta a la creciente conciencia sobre la importancia del bienestar personal y laboral, seguros sura colombia ha lanzado la plataforma vive m√°s. este innovador programa est√° dise√±ado para promover y premiar h√°bito... bienestarintegral en respuesta a la creciente conciencia sobre la importancia del bienestar personal y laboral, seguros sura colombia ha lanzado la plataforma vive m√°s. este innovador programa est√° dise√±ado para promover y premiar h√°bito... bienestarintegral",pos,4.936,
6620,fiduciaria previsora,"fecode y el ministerio de educaci√≥n logran acuerdo en salud ...colombiano. en cuanto a la gesti√≥n de los recursos, la fiduciaria la previsora continuar√° administrando los fondos de salud y prestaciones del magisterio, garantizando un manejo eficiente y transparente de los mismos. se espera que esta medida genere un...",pos,1.5,
8360,,"revelan truco para ahorrar 450 litros de agua por mes | la fm ...mapfre hogar, cada vez que se tira de la cadena en el ba√±o se gastan unos seis litros de agua, lo cual se refleja en la factura del agua. lea tambi√©n: ¬øpor qu√© se debe ahorrar la plata en bancos? este gesto tan cotidiano, el de tirar de la cadena, supone...",pos,0.5,
6405,,"inflaci√≥n contin√∫a cayendo: abril cierra con 7,16% ...colfondos (7,20%). por otro lado, las proyecciones m√°s bajas son de skandia y axa colpatria, con 7,01%, seguidos por banco agrario (7,02%), alianza (7,08%) y anif (7,10%). si se cumplen las expectativas de una inflaci√≥n de 7,15% en abril, la cifra se reducir√≠a...",pos,0.5,
14061,,"hola, te invitamos a comunicarte con nosotros a nuestra l√≠nea nacional: 018000910165 o en bogot√°: +60(1) 5920400. consulta nuestros canales de atenci√≥n en: para recibir asesor√≠a en tu inquietud. feliz inicio de semana. hola, te invitamos a comunicarte con nosotros a nuestra l√≠nea nacional: 018000910165 o en bogot√°: +60(1) 5920400. consulta nuestros canales de atenci√≥n en: para recibir asesor√≠a en tu inquietud. feliz inicio de semana.",pos,1.438,
3832,sura,"vaxthera obtiene patente para una vacuna universal contra el covid-19 ..., considerado como uno de los pioneros del derecho de patentes biotecnol√≥gicas en estados unidos. vaxthera, como empresa colombiana que cuenta con seguros sura como socio fundador, est√° trabajando con capacidades propias, redes colaborativas, tecnolog√≠a de...",pos,0.988,
3151,,"¬°hola! nos interesa conocer en detalle su caso. por favor, escr√≠banos por mensaje interno y comp√°rtanos su nombre completo, n√∫mero de celular, correo electr√≥nico y n√∫mero de c√©dula para escalar la situaci√≥n al √°rea correspondiente. quedamos atentos. ¬°hola! nos interesa conocer en detalle su caso. por favor, escr√≠banos por mensaje interno y comp√°rtanos su nombre completo, n√∫mero de celular, correo electr√≥nico y n√∫mero de c√©dula para escalar la situaci√≥n al √°rea correspondiente. quedamos atentos.",pos,2.0839999999999996,
1905,,coljuegos inaugur√≥ herramienta para vigilar el recaudo y combatir la ilegalidad ...a√©rea internacional de colombia ha crecido 10% colombia¬°convoca asamblea extraordinaria! grupo sura tambi√©n eval√∫a su participaci√≥n en argos colombiareforma laboral de petro: impactos en sectores clave y su eficiencia operativa colombiaecopetrol inaugur√≥ granja...,pos,0.375,
5072,,"¬øen busca de trabajo? estas son las vacantes que ofrece davivienda con sueldos de hasta $12'000.000 ...experiencia en planificaci√≥n de manera t√°ctica y operativa la estrategia de ciberseguridad, para que gestione los servicios de seguros bol√≠var. el contrato es a t√©rmino indefinido y el sueldo oscila entre $ 10‚Ä≤000.000 y $ 12‚Ä≤500.000. director de ventas...",pos,0.333,
296,,y firman convenio para la etapa final del desenroque y firman convenio para la etapa final del desenroque,pos,0.5,
4677,,proyecto alo sur en bogot√° recibe aprobaci√≥n ambiental para nueva calzada ...firma de alianza entre scotiabank colpatria y axa colpatria le puede interesar empresas d√≠as y horarios de las cinco frecuencias semanales que tendr√° la ruta bogot√°-par√≠s en avianca noticias de medell√≠n procuradur√≠a general de la naci√≥n tom√≥ decisi√≥n en el...,pos,0.692,
653,seguros bolivar,"cne archiva investigaci√≥n contra el partido asi por presunta financiaci√≥n ilegal ...conservador, de la u, asi, centro democr√°tico y liberal. la denuncia acusaba el posible ingreso de recursos ilegales provenientes de empresas de salud y extranjeras, incluyendo keralty s.a.s., seguros bol√≠var s.a. y banco davivienda s.a. lea tambi√©n (radicada ley...",pos,1.417,
10884,seguros bolivar,"as√≠ est√° la oferta de p√≥lizas de seguros para cubrirse de incidentes con el veh√≠culo ...en viaje, asesor√≠a legal y carro de remplazo en caso de siniestro, con la opci√≥n de un plan ‚Äòb√°sico', ‚Äòintegral' y es el m√°s completo el ‚Äòpremium'. seguros bol√≠var compite con cuatro opciones como el ‚Äòplan ligero' en robo y p√©rdida total, el ‚Äòcl√°sico', el...",pos,0.27549999999999997,
14532,,"advierten qu√© hay detr√°s de famosos ""descuentos especiales"" en soat para carros y motos axa colpatria alert√≥ sobre estafas con el soat en colombia a trav√©s de supuestas promociones para adquirir el seguro. el seguro obligatorio contra accidentes de tr√°nsito (soat) es un requisito indispensable para los propietarios de veh√≠culos en colombia...",pos,0.255,
11821,seguros bolivar,"nueva temporada de la campa√±a ¬´en teor√≠a¬ª de seguros bol√≠var y leo ""en teor√≠a"" regresa en 2025 con una nueva temporada m√°s popular que nunca seguros bol√≠var junto a leo apuestan por convertir una frase del d√≠a a d√≠a en parte de la cultura popular colombiana seguros bol√≠var junto a leo presentan la nueva temporada de su...",pos,0.375,
2803,,"ungrd asegura que carrotanques en la guajira carecen de p√≥liza todo riesgo - elheraldo.co ...que propone el gobierno para el cne? ""jargu s.a., corredor de seguros de la ungrd, realiz√≥ la convocatoria p√∫blica para asegurar los 80 carrotanques (40 peque√±os y 40 grandes) por $1.825 millones de pesos. el proceso se abri√≥ el 28 de agosto de 2024. mapfre...",pos,0.25,
7715,,"logro progresista de y su protervo minsalud con lo decretado del valor de la upc.. ser√° acabar el eficaz modelo de aseguramiento integral en salud de ... progresista ser√≠a que las estatales nueva eps y aseguradora la previsora, lo copiaran. logro progresista de y su protervo minsalud con lo decretado del valor de la upc.. ser√° acabar el eficaz modelo de aseguramiento integral en salud de ... progresista ser√≠a que las estatales nueva eps y aseguradora la previsora, lo copiaran.",pos,4.042,
2237,,"ü•àel segundo lugar de finantiendasegura fue para , daviplata y con ""veci √°gil"", una soluci√≥n que busca fomentar la sostenibilidad de peque√±os comercios con pr√°cticas ecoeficientes, formalizaci√≥n y crecimiento.üëè ü•àel segundo lugar de finantiendasegura fue para , daviplata y con ""veci √°gil"", una soluci√≥n que busca fomentar la sostenibilidad de peque√±os comercios con pr√°cticas ecoeficientes, formalizaci√≥n y crecimiento.üëè",pos,1.52,
11437,seguros bolivar,"keralty denunciar√° a petro por ""mentiras"" en alocuci√≥n ...conflictos de inter√©s pol√≠tico. incluso, arias mencion√≥ las donaciones de las empresas colombianas del grupo bol√≠var (como davivienda o seguros bol√≠var) por 130 millones de pesos al partido de la u; 144 millones al liberal; 280 millones al conservador; 755 millones...",pos,1.051,
14426,seguros bolivar,"con alianzas, unimagdalena impulsa la innovaci√≥n y el emprendimiento en santa marta ..., jefa de investigaci√≥n, alianzas y propiedad intelectual del centro de innovaci√≥n de seguros bol√≠var s.a. y banco davivienda ‚Äì domo i, resalt√≥ la necesidad de apoyar a los j√≥venes en su camino hacia la transformaci√≥n de la sociedad. ""creemos como grupo que...",pos,0.594,
3808,seguros bolivar,"seguros bol√≠var abri√≥ gran convocatoria laboral en diferentes ciudades del pa√≠s; ofrece empleos con sueldos competitivos ...lanz√≥ advertencia4. a esto van los colombianos a los centros comerciales. esta es la cruda realidad de las ventas al por menor5. encuentran a menor de 14 a√±os que hab√≠a sido reportada como desaparecida en el sur de bogot√° actualmente, seguros bol√≠var busca...",pos,0.338,
949,,hacer una especializaci√≥n hacer una especializaci√≥n,pos,1.0,
1677,,"estos son los l√≠deres empresariales con mejor reputaci√≥n en colombia para 2024; hay varios paisas en el top 10 ...algunos de los l√≠deres sectoriales m√°s destacados son harold eder garc√©s (grupo manuelita) en el sector agroindustrial, carlos ignacio gallego palacio (grupo nutresa) en alimentos, ricardo jaramillo mej√≠a (grupo sura) en aseguradoras, y bruce mac master...",pos,0.5,
1524,,"las empresas m√°s admiradas en colombia, seg√∫n los l√≠deres de opini√≥n ...completaron dos empresas m√°s de antioquia: una es grupo sura, holding financiero que tiene entre sus inversiones a bancolombia, y grupo √©xito, que est√° considerado como la segunda firma con mayor facturaci√≥n en el sector comercio. en todo caso, el reporte tambi√©n...",pos,0.975,
13233,,üèÜ resultados oficiales - 1a jornada 5¬∞ torneo nacional interclubes de transici√≥n categor√≠a junior - 13 a√±os üèÜ resultados oficiales - 1a jornada 5¬∞ torneo nacional interclubes de transici√≥n categor√≠a junior - 13 a√±os,pos,0.5,
12405,,"ops llama a reforzar planes de contingencia sanitaria ante temporada de huracanes 2025 ...de salud y agencias de protecci√≥n civil. el objetivo del encuentro es facilitar el intercambio de experiencias y buenas pr√°cticas en materia de respuesta a desastres y salud p√∫blica en emergencias. (lea: allianz colombia lanza vitallianz, nuevo seguro...",pos,1.653,
10632,,¬°victoria del pony! üî• alejandro osorio del orgullo paisa celebr√≥ en la octava jornada de la vuelta a colombia 2025 - 75 a√±os . üá®üá¥üî•üöµüèΩ‚Äç‚ôÇÔ∏è te acompa√±a mientras transforma tus h√°bitos. ingresa a longevo a trav√©s de la app seguros sura. vcolombia2025 ¬°victoria del pony! üî• alejandro osorio del orgullo paisa celebr√≥ en la octava jornada de la vuelta a colombia 2025 - 75 a√±os . üá®üá¥üî•üöµüèΩ‚Äç‚ôÇÔ∏è te acompa√±a mientras transforma tus h√°bitos. ingresa a longevo a trav√©s de la app seguros sura. vcolombia2025,pos,2.5,
7804,,"se√±ores en represalia por que nos quejamos con la super nos dejo tirados en la terminal de barranquilla no nos aprobo traslado interno, muy a pesar que se solicit√≥ con el tiempo prudente.. 2 se√±ores en represalia por que nos quejamos con la super nos dejo tirados en la terminal de barranquilla no nos aprobo traslado interno, muy a pesar que se solicit√≥ con el tiempo prudente.. 2",pos,1.125,
9504,seguros bolivar,"seguridad laboral desde la educaci√≥n y las nuevas tecnolog√≠as desde el 22 de enero hasta el 5 de febrero, se llevar√° a cabo profe arl 2024 de seguros bol√≠var en nueve ciudades del pa√≠s: bogot√°, bucaramanga, barranquilla, cali, cartagena, medell√≠n, pereira, neiva y villavicencio, se presentar√°n conferencias sobre las...",pos,0.5,
12778,,"saludunal üß† tu salud mental importa ¬°y ahora est√° a un clic de distancia! üì± con el ecosistema digital positivamente a tu lado, podr√°n acceder a orientaci√≥n psicol√≥gica cuando m√°s lo necesiten, de forma f√°cil, segura y disponible 24/7 | somosunal saludunal üß† tu salud mental importa ¬°y ahora est√° a un clic de distancia! üì± con el ecosistema digital positivamente a tu lado, podr√°n acceder a orientaci√≥n psicol√≥gica cuando m√°s lo necesiten, de forma f√°cil, segura y disponible 24/7 | somosunal",pos,2.168,
12715,,"daniel deje en evidencia lo siguiente: la verborrea solapada de la izquierda. pd: daniel, el proceder de racero violatorio de derechos laborales es sistem√°tico. recordemos daniel deje en evidencia lo siguiente: la verborrea solapada de la izquierda. pd: daniel, el proceder de racero violatorio de derechos laborales es sistem√°tico. recordemos",pos,0.5,
1074,sura,¬øquieres trabajar en sura? estas son las vacantes laborales con sueldos de hasta $9'700.000 oportunidad laboral: seguros sura ofrece vacantes con atractivos salarios y beneficios adicionales. ¬øquieres trabajar en sura? la reconocida compa√±√≠a de seguros lanz√≥ el 21 de noviembre m√°s de 100 vacantes laborales en diversas √°reas. estas ofertas...,pos,0.375,
14849,,siniestro 5-10-97506 -2024 stro 24-100050908 fecha 13 de septiembre 2024 v√≠ctima lesionada jos√© alejandro donado guti√©rrez conductor - pablo antonio su√°rez jaime propietario - juan su√°rez camacho correo- consultoresjuridicosdc .com.co tele 3016140265 siniestro 5-10-97506 -2024 stro 24-100050908 fecha 13 de septiembre 2024 v√≠ctima lesionada jos√© alejandro donado guti√©rrez conductor - pablo antonio su√°rez jaime propietario - juan su√°rez camacho correo- consultoresjuridicosdc .com.co tele 3016140265,pos,0.30000000000000004,
13058,mapfre,"mapfre presenta su manifiesto por una ia humanista, √©tica y responsable mapfre ha presentado su manifiesto por una ia humanista, √©tica y responsable , un documento que expone los principios y valores fundamentales de la compa√±√≠a en el desarrollo y uso de la inteligencia artificial (ia), siendo la primera entidad del ibex 35...",pos,1.608,
3410,sura,"seguros sura te invita a que pedalees cada d√≠a por tu bienestar, porque entre tantas prioridades, t√∫ eres la primera. aqu√≠ los resultados de la etapa 5Ô∏è‚É£ en la vfemenina2024: seguros sura te invita a que pedalees cada d√≠a por tu bienestar, porque entre tantas prioridades, t√∫ eres la primera. aqu√≠ los resultados de la etapa 5Ô∏è‚É£ en la vfemenina2024:",pos,1.062,
14224,,"y entonces los centenares de tutelas por el derecho a la salud y la vida, ya ser√°n contra las eps, sino contra... la adr√©s? la previsora? el estado? directo contra hospitales o m√©dicos? alcaldes? gobernadores? gerentes de hospital? el puesto de salud? presiento un mierdero!! y entonces los centenares de tutelas por el derecho a la salud y la vida, ya ser√°n contra las eps, sino contra... la adr√©s? la previsora? el estado? directo contra hospitales o m√©dicos? alcaldes? gobernadores? gerentes de hospital? el puesto de salud? presiento un mierdero!!",pos,1.77,
7351,,"alianzas para la resiliencia y el desarrollo sostenible de m√°s de 2.000 familias cacaocultoras ...el desarrollo ‚Äì c4d, ha sido posible el aumento de la resiliencia y la protecci√≥n ante eventos clim√°ticos de m√°s de 2.000 familias cacaocultoras y 3.979 hect√°reas de este fruto en el pa√≠s, a trav√©s del seguro param√©trico cacao seguro de seguros bol√≠var...",pos,1.1179999999999999,
904,,ya llam√© a . llen√© el formato y estoy esperando que me respondan. mientras tanto ya van 5 d√≠as desde que deb√≠ recibir el soat. en algo que seg√∫n uds no toma m√°s de dos horas... ya llam√© a . llen√© el formato y estoy esperando que me respondan. mientras tanto ya van 5 d√≠as desde que deb√≠ recibir el soat. en algo que seg√∫n uds no toma m√°s de dos horas...,pos,0.25,
6901,seguros bolivar,"hoy acompa√±amos en la , la actividad del grupo en compa√±√≠a de la arl seguros bol√≠var con ergospa donde ense√±an a los conductores sobre el bienestar del ejercicio acompa√±ado de bebidas saludables y buenos h√°bitos viajaseguroviajalegal hoy acompa√±amos en la , la actividad del grupo en compa√±√≠a de la arl seguros bol√≠var con ergospa donde ense√±an a los conductores sobre el bienestar del ejercicio acompa√±ado de bebidas saludables y buenos h√°bitos viajaseguroviajalegal",pos,1.5620000000000003,
14531,seguros bolivar,hoy cotic√© un seguro con seguros bolivar y por lo que me pidieron creo que va a llegar maluma a rescatarme cada vez que me choque. hoy cotic√© un seguro con seguros bolivar y por lo que me pidieron creo que va a llegar maluma a rescatarme cada vez que me choque.,pos,0.38,
7597,mapfre,"mapfre tiene buenas cosas al igual que allianz, todo se va al final es en los costos.. mapfre tiene buenas cosas al igual que allianz, todo se va al final es en los costos..",pos,0.5,
1713,,no vuelvo a tener un seguro con no vuelvo a tener un seguro con,pos,0.375,
1807,,ya hice todo eso y no han sido capaces de responderme ya hice todo eso y no han sido capaces de responderme,pos,0.25,
3835,,"pens√© que las asistencias que ofrecen eran de valor y consistentes con lo que promueven a trav√©s del portafolio de , la experiencia no fue buena. lamentable pens√© que las asistencias que ofrecen eran de valor y consistentes con lo que promueven a trav√©s del portafolio de , la experiencia no fue buena. lamentable",pos,0.733,
6723,,"¬øpetro se piensa perpetuar en el poder?: ""el progresismo merece cuatro a√±os m√°s"" ...noticias ricardo jaramillo mej√≠a asume la presidencia de grupo sura periodistaifm1-n - abril 25, 2024 ultimas noticias ""si es guerra es guerra"": petro tras operaci√≥n militar en el cauca periodistaifm1-n - abril 25, 2024 mundo contrastes pol√≠ticos:...",pos,0.25,
9496,,"descubra al irreverente artista luciano jaramillo en este libro de lujo ...luciano jaramillo: pintura y dibujo , que acaban de lanzar el banco davivienda y seguros bol√≠var. y es que para esta publicaci√≥n especial, en la que se recorre la obra de este artista que naci√≥ en 1938 y falleci√≥ en 1985, el equipo encargado hizo un...",neg,-0.29700000000000004,
11773,,"llevan 4 d√≠as en falta de respuesta y soluciones a est√°s fallas, miles de personas esperando sus tr√°mites. por parte de no hubo divulgaci√≥n de estos cambios. que irresponsables!!! llevan 4 d√≠as en falta de respuesta y soluciones a est√°s fallas, miles de personas esperando sus tr√°mites. por parte de no hubo divulgaci√≥n de estos cambios. que irresponsables!!!",neg,-0.5,
3934,,pasarnos a arl es lo peor que hemos podido hacer este a√±o. que gonorrea. pasarnos a arl es lo peor que hemos podido hacer este a√±o. que gonorrea.,neg,-0.5,
5095,,yo llevaba mi perro a mi vete veterinaria ubicada en la calle 134d # 45-29 despu√©s de varias ocasiones de verlo llevado all√° a guarder√≠a y ba√±o asignado por axa colpatria seguro que pago por el perro me lo entregaron con una lesi√≥n en la pierna y nunca respondieron yo llevaba mi perro a mi vete veterinaria ubicada en la calle 134d # 45-29 despu√©s de varias ocasiones de verlo llevado all√° a guarder√≠a y ba√±o asignado por axa colpatria seguro que pago por el perro me lo entregaron con una lesi√≥n en la pierna y nunca respondieron,neg,-0.37000000000000005,
11153,,"hola, env√≠a un reclamo a la empresa: tendr√° 15 d√≠as h√°biles para responder, si no est√°s de acuerdo con la respuesta, reg√≠strate y presenta tu demanda: conoce m√°s sobre el proceso: feliz d√≠a. hola, env√≠a un reclamo a la empresa: tendr√° 15 d√≠as h√°biles para responder, si no est√°s de acuerdo con la respuesta, reg√≠strate y presenta tu demanda: conoce m√°s sobre el proceso: feliz d√≠a.",neg,-0.975,
6027,fiduciaria previsora,ya salio el estupido griton del ministro de salud a decir que ni el ni el indigno tienen la culpa y que la culpa es de la previsora quien la escogio? por que la de ision apurada sin estar listos?? ineptos petro y el estupido griton ya salio el estupido griton del ministro de salud a decir que ni el ni el indigno tienen la culpa y que la culpa es de la previsora quien la escogio? por que la de ision apurada sin estar listos?? ineptos petro y el estupido griton,neg,-2.625,
2116,,"¬°cinco tips para emprender! ..., la fundaci√≥n bavaria, el grupo sura y el failure institute, en el que participaron 324 emprendedores, encontrando las causas de cierre m√°s comunes de las startups, para cada una de las cuales les tengo un tip. el primer motivo es el factor financiero, la...",neg,-0.375,
12443,,"y resp√≥ndaaaan a los usuarios que estafando haciendo un descuento sin autorizaci√≥n a trav√©s de una plataforma ""servicios bolivar"" por valor de $26.009. estafadores y resp√≥ndaaaan a los usuarios que estafando haciendo un descuento sin autorizaci√≥n a trav√©s de una plataforma ""servicios bolivar"" por valor de $26.009. estafadores",neg,-0.375,
6427,mapfre,"un estudio revela las fallas en el dise√±o y la construcci√≥n de hidroituango ...certificando quien habla por las reaseguradoras"". precis√≥ que mapfre es la compa√±√≠a de seguros que tiene la cobertura global por 2.500 millones de d√≥lares y que tiene unos reaseguradores. ""suramericana la reasegura en un 13 % y el pool de empresas...",neg,-0.403,
9418,liberty seguros,"inicie el a√±o evitando fraudes al adquirir seguros y p√≥lizas ...prima, sino que suelen enterarse de que est√°n desprotegidos al momento de tener un siniestro, que es cuando m√°s necesitan tener ese respaldo"", se√±ala c√©sar rodr√≠guez, country manager de liberty seguros colombia. a la hora de contratar un seguro, liberty...",neg,-0.285,
5568,sura,"y raro que seguros sura se ponga a falsificar una historia cl√≠nica, si normalmente llegan es de lo que les hace la misma cl√≠nica o el m√©dico tratante que son personas diferentes y raro que seguros sura se ponga a falsificar una historia cl√≠nica, si normalmente llegan es de lo que les hace la misma cl√≠nica o el m√©dico tratante que son personas diferentes",neg,-1.042,
12955,,se√±ores de axa su servicio todo riesgo es de lo peor. 4 horas esperando un servicio de gr√∫a para que al final pidan que uno lo busque porque est√°n congestionados. un servicio en bogot√°! p√©simo se√±ores de axa su servicio todo riesgo es de lo peor. 4 horas esperando un servicio de gr√∫a para que al final pidan que uno lo busque porque est√°n congestionados. un servicio en bogot√°! p√©simo,neg,-1.5,
11331,seguros bolivar,"demandamos de las tiendas d1 y a la arl seguros bol√≠var atender con urgencia el caso de deisy zapata, trabajadora lactante que denuncia hostigamiento y falta de atenci√≥n tras un accidente laboral. no permitiremos que el trabajo digno, la salud y la seguridad sean vulnerados. demandamos de las tiendas d1 y a la arl seguros bol√≠var atender con urgencia el caso de deisy zapata, trabajadora lactante que denuncia hostigamiento y falta de atenci√≥n tras un accidente laboral. no permitiremos que el trabajo digno, la salud y la seguridad sean vulnerados.",neg,-3.0,
5471,,"empresas de pereira invertir√°n $15 mil millones en planta de tratamiento de anserma la patria | manizales la concesi√≥n autopistas del caf√© y tres empresas de pereira (partes y complementos pl√°sticos, la importadora de llantas reencaf√© y el grupo sura regional risaralda) invertir√°n un total de $15 mil millones en anserma (caldas). el...",neg,-0.375,
11790,,se√±ores ustedes porque niegan la carta de reciprocidad que solicite para me hiciera los arreglos pese a ustedes tener un convenio se√±ores ustedes porque niegan la carta de reciprocidad que solicite para me hiciera los arreglos pese a ustedes tener un convenio,neg,-0.25,
11864,,"estoy igual, no se puede descargar certificado ni conseguir comunicaci√≥n estoy igual, no se puede descargar certificado ni conseguir comunicaci√≥n",neg,-0.313,
1506,,ustedes no le dan solucion son unos estafadores tramposos pusieron un audio falso y jamas en el audio menciona que se le acepto ese seguro y eso es grave y vamos a escalar este robo para que los sancionen como debe ser ustedes no le dan solucion son unos estafadores tramposos pusieron un audio falso y jamas en el audio menciona que se le acepto ese seguro y eso es grave y vamos a escalar este robo para que los sancionen como debe ser,neg,-1.1300000000000001,
11758,seguros bolivar,"seguros bol√≠var y generali crearon una alianza para generar un trato de reasegurador seguros bol√≠var y generali crearon una alianza para generar un trato de reasegurador. el acuerdo ser√° gestionado por generali global corporate & commercial, la unidad de negocio del grupo generali de seguros a empresas medianas y grandes. este acuerdo de...",neg,-0.403,
12041,,llevo 20 dias con el carro siniestrado por el furgon de ustedes de placa tly786 que se quedo sin frenos nadie responde ha dilatado la respuesta entonces ustedes deben responder directamente sin embargo no quieren hacerlo llevo 20 dias con el carro siniestrado por el furgon de ustedes de placa tly786 que se quedo sin frenos nadie responde ha dilatado la respuesta entonces ustedes deben responder directamente sin embargo no quieren hacerlo,neg,-1.5,
598,mapfre,"""es un precedente hist√≥rico para la ingenier√≠a del pa√≠s"": c√°mara colombiana de infraestructura sobre fallo que exime a constructores de la contingencia de hidroituango ...resolver√≠a a trav√©s de un arbitraje. en este mecanismo de resoluci√≥n de conflictos, las partes en disputa deciden que en lugar de ir a un juez o a un tribunal estatal se someter√°n a un grupo de √°rbitros. aunque desde 2019 la aseguradora mapfre empez√≥ a pagar el...",neg,-1.875,
11202,,"la fundaci√≥n santa fe de bogot√° les inform√≥ a los profesores afiliados al magisterio que, a partir del pr√≥ximo 31 de julio, ya no les prestar√° servicios m√©dicos a los maestros por cuenta de la finalizaci√≥n de los contratos con la fiduprevisora. ""lamentamos informarles que, a partir del 31 de julio, se termina el contrato con fiduciaria la previsora, por lo que no es posible continuar con la atenci√≥n a los afiliados al magisterio"", se lee en la misiva. la fundaci√≥n santa fe de bogot√° les inform√≥ a los profesores afiliados al magisterio que, a partir del pr√≥ximo 31 de julio, ya no les prestar√° servicios m√©dicos a los maestros por cuenta de la finalizaci√≥n de los contratos con la fiduprevisora. ""lamentamos informarles que, a partir del 31 de julio, se termina el contrato con fiduciaria la...",neg,-0.25,
4430,,"la peor aseguradora nunca la usado en mis casi dos a√±os y primera vez que la voy usar y no me pueden atender qu√© porquer√≠a, no vuelvo a contratar con uds la peor aseguradora nunca la usado en mis casi dos a√±os y primera vez que la voy usar y no me pueden atender qu√© porquer√≠a, no vuelvo a contratar con uds",neg,-1.343,
6758,,"la democracia con imaginaci√≥n ...apoyo del grupo sura. en su prolongada historia, una de sus reinvenciones m√°s significativas fue la experimentada en su tr√°nsito a la modernidad, despu√©s de siglos de apagamiento. la democracia de los...",neg,-0.437,
11689,,la mediocridad por delante los de hacen un cambio de plataforma tecnologica y no miden el impacto para sus afiliados üò°üò°üò°üò°üò° la plata primero? üí∏üí∏üí∏ se√±or ministro de es hora de remover a eso triple mediocres directivos la mediocridad por delante los de hacen un cambio de plataforma tecnologica y no miden el impacto para sus afiliados üò°üò°üò°üò°üò° la plata primero? üí∏üí∏üí∏ se√±or ministro de es hora de remover a eso triple mediocres directivos,neg,-0.375,
1825,sura,"la rama chilena de seguros sura decidi√≥ migrar sus centros de datos a la nube de oracle, con lo que gan√≥ un 75 % en rendimiento y redujo en un 35 % los costos de propiedad. ¬øpensando en transformaci√≥n digital? oracle la rama chilena de seguros sura decidi√≥ migrar sus centros de datos a la nube de oracle, con lo que gan√≥ un 75 % en rendimiento y redujo en un 35 % los costos de propiedad. ¬øpensando en transformaci√≥n digital? oracle",neg,-1.5,
1087,,"pilas cuchos mayores de 50, hablen con su m√©dico personal, la vacunaüíâdel herpes z√≥ster shingrix, culebrilla, es importante, son 2 dosis. gracias pilas cuchos mayores de 50, hablen con su m√©dico personal, la vacunaüíâdel herpes z√≥ster shingrix, culebrilla, es importante, son 2 dosis. gracias",neg,-0.5,
3959,,cosas tan simples como actualizar datos y dicen que responden la solicitud en 15 d√≠as? muy mal en tecnolog√≠a cosas tan simples como actualizar datos y dicen que responden la solicitud en 15 d√≠as? muy mal en tecnolog√≠a,neg,-0.9,
2685,,"bodeguero inepto, bruto y ignorante. se llama la previsora. bodeguero inepto, bruto y ignorante. se llama la previsora.",neg,-2.188,
4224,,estoy muy molesto con por la falsa publicidad que me hace en su plataforma porque yo tengo cuenta con ellos. el soat me lo ofreci√≥ con una valor √≠nteresante pero me descuenta un valor superior y no me ha contestado a√∫n para que me estoy muy molesto con por la falsa publicidad que me hace en su plataforma porque yo tengo cuenta con ellos. el soat me lo ofreci√≥ con una valor √≠nteresante pero me descuenta un valor superior y no me ha contestado a√∫n para que me,neg,-0.38800000000000007,
13902,mapfre,"galer√≠a de tocando ligeramente la tierra: c√≥mo liberar el plano del suelo configura la atm√≥sfera arquitect√≥nica imagen 1 de 41 de la galer√≠a de tocando ligeramente la tierra: c√≥mo liberar el plano del suelo configura la atm√≥sfera arquitect√≥nica. camposanto mapfre chiclayo, monsef√∫ / territorial. imagen ¬© cristobal palma ‚úï",neg,-0.584,
1666,mapfre,"mapfre inform√≥ que el sector asegurador en latinoam√©rica lleg√≥ a us$ 203.354 millones, un crecimiento del 17,1% frente a 2022 mapfre inform√≥ que el sector asegurador en latinoam√©rica lleg√≥ a us$ 203.354 millones, un crecimiento del 17,1% frente a 2022",neg,-0.75,
5373,,"tema de reflexi√≥n: ""el problema de la eps es un problema de antes de petro"": gerente de grupo sura. lo reconoce expl√≠citamente... aqu√≠ los enlaces de lo que dijo en blueradio: tema de reflexi√≥n: ""el problema de la eps es un problema de antes de petro"": gerente de grupo sura. lo reconoce expl√≠citamente... aqu√≠ los enlaces de lo que dijo en blueradio:",neg,-2.4979999999999998,
12491,,"no se que mas hacer, para evitar que me sigan llamando 10 veces al d√≠a a ofrecerme productos de asistencia que no estoy interesado. ustedes son unos abusivos, instigadores y perseguidores. por favor, no me llamen m√°s. no se que mas hacer, para evitar que me sigan llamando 10 veces al d√≠a a ofrecerme productos de asistencia que no estoy interesado. ustedes son unos abusivos, instigadores y perseguidores. por favor, no me llamen m√°s.",neg,-2.315,
659,fiduciaria previsora,"cuento chino para esconder el neo-socialismo corrupto del gobierno del cambio, la previsora nuevo cap√≠tulo! cuento chino para esconder el neo-socialismo corrupto del gobierno del cambio, la previsora nuevo cap√≠tulo!",neg,-1.084,
9707,,"debemos combatir el gota a gota: laura sarabia en reuni√≥n con el sector financiero en el encuentro que se llev√≥ a cabo en la sede de la superintendencia financiera, hicieron presencia los representantes de grupo empresarial colpatria, davivienda, grupo bol√≠var, asobancaria, bbva, bancolombia, grupo sura, colpensiones, entre otros...",neg,-0.625,
6885,,"as√≠ es, estoy a 200 metros del hotel y los decibeles violan todos los l√≠mites permitidos. qu√© subdesarrollo de ciudad y qu√© abuso de esos desgraciados del hotel y de ¬°hagan algo. pagamos impuestos! as√≠ es, estoy a 200 metros del hotel y los decibeles violan todos los l√≠mites permitidos. qu√© subdesarrollo de ciudad y qu√© abuso de esos desgraciados del hotel y de ¬°hagan algo. pagamos impuestos!",neg,-4.084,
14798,,"consejo de estado ratific√≥ elecci√≥n de alejandro char como alcalde de barranquilla ...salazar ochoa, explic√≥ que la administraci√≥n de este fondo fue realizada por la previsora s.a..a..a..a..a..a..a., mediante un encargo fiduciario, y no por serfinanza. de inter√©s: arranca 'cumbre de alcaldes del caribe en cartagena': estar√° dumek turbay, alex char y juan...",neg,-0.37499999999999994,
3274,,qu√© se necesita para que respondan a una solicitud hecha el 12 de agosto en oficina de bogot√° cll 102 con 17. dijeron que 72 horas despu√©s enviaban respuesta y a√∫n no responden qu√© se necesita para que respondan a una solicitud hecha el 12 de agosto en oficina de bogot√° cll 102 con 17. dijeron que 72 horas despu√©s enviaban respuesta y a√∫n no responden,neg,-0.25,
10993,,"p√©simo servicio ahora no entrega certificados, nooo que pesadilla sacar un certificado nadie atienda el chat virtual nos sirve, no llaman no contestan. p√©simo servicio ahora no entrega certificados, nooo que pesadilla sacar un certificado nadie atienda el chat virtual nos sirve, no llaman no contestan.",neg,-1.066,
2561,fiduciaria previsora,"60 carrotanques que compr√≥ la ungrd para entregar agua en la guajira paralizados por falta de p√≥lizas ...federaci√≥n de aseguradores colombianos (fasecolda) y a la previsora compa√±√≠as de seguros, a buscar una soluci√≥n que permita la utilizaci√≥n de los carrotanques parqueados en la guajira por falta de p√≥lizas. de acuerdo con el ente de control, ""la preocupaci√≥n...",neg,-1.0,
415,,mal√≠simo servicio m√°s de 2 horas para una gr√∫a . mal√≠simo servicio m√°s de 2 horas para una gr√∫a .,neg,-0.5,
2455,,"pues hay mucha diferencia entre una y otra vivienda, s√≠. y veo que la da la alcald√≠a y seguros bolivar. ¬øhabr√° la posibilidad de que aparte le de la casa? ü§î y leo que en esa urbanizaci√≥n tienen los edificios problemas... pues hay mucha diferencia entre una y otra vivienda, s√≠. y veo que la da la alcald√≠a y seguros bolivar. ¬øhabr√° la posibilidad de que aparte le de la casa? ü§î y leo que en esa urbanizaci√≥n tienen los edificios problemas...",neg,-1.0,
11748,,"tras 100 a√±os de operaci√≥n, everfit no pudo superar los pasivos por $31.416 millones ...del caso empresarial: "" en everfit entendimos a trav√©s de esta crisis que el √©nfasis no est√° en la confecci√≥n y la planta , sino, en trascender de los productos a los servicios y de all√≠ al consumidor"". con 300 clientes, como el grupo sura, avianca o latam...",neg,-0.25,
5584,fiduciaria previsora,"no les gusta la mejor salud de am√©rica vamos a mejorarla: descalabro total de la previsora no les gusta que seamos aut√≥nomos en gasolina, gas y diesel: descalabro total en ecopetrol no les gusta la democracia: quieren reformar la constituci√≥n alguien que detenga esta locura!! no les gusta la mejor salud de am√©rica vamos a mejorarla: descalabro total de la previsora no les gusta que seamos aut√≥nomos en gasolina, gas y diesel: descalabro total en ecopetrol no les gusta la democracia: quieren reformar la constituci√≥n alguien que detenga esta locura!!",neg,-1.0,
6904,,"muchas gracias por el mensaje, pero ya se radic√≥ queja ante la . p√©simo servicio que tienen !! muchas gracias por el mensaje, pero ya se radic√≥ queja ante la . p√©simo servicio que tienen !!",neg,-1.2,
12233,,"duitama ser√° sede del ‚Äòencuentro de p√°ramos 2025', un espacio clave para la protecci√≥n de estos ecosistemas ..., isag√©n, grupo sura, parques nacionales naturales y wwf colombia. el evento cerrar√° con una invitaci√≥n a fortalecer el trabajo interinstitucional para proteger los p√°ramos, considerados una de las principales fuentes de agua del pa√≠s y uno de los ecosistemas m√°s...",neg,-0.375,
12693,,"deben atrapar a ese corrupto de ratasero , que descaro se burlan en la cara de los colombianos esos politiqueros ladrones. deben atrapar a ese corrupto de ratasero , que descaro se burlan en la cara de los colombianos esos politiqueros ladrones.",neg,-2.266,
406,,y mientras en los se√±ores de la oposici√≥n basura y maldita aplaza un debate tan importante defendiendo a sus viles patrones. hoy queda demostrado que 4 entidades son culpables de la muerte de una persona por el paseo de la muerte. y mientras en los se√±ores de la oposici√≥n basura y maldita aplaza un debate tan importante defendiendo a sus viles patrones. hoy queda demostrado que 4 entidades son culpables de la muerte de una persona por el paseo de la muerte.,neg,-0.75,
5688,,la opini√≥n de un idiota que no ve m√°s all√° de la plata. ser√≠a bueno saber cuanto le aporto el grupo sura a su campa√±a. la opini√≥n de un idiota que no ve m√°s all√° de la plata. ser√≠a bueno saber cuanto le aporto el grupo sura a su campa√±a.,neg,-1.875,
13179,,"fiduprevisora abre centro m√©dico en barranquilla para m√°s de 1.200 usuarios ...prestacional de electricaribe ya tienen un nuevo centro de servicios m√©dicos, que fue inaugurado este martes 6 de mayo por la presidenta de fiduprevisora, magda giraldo parra en barranquilla . de acuerdo con la fiduciaria la previsora, los recursos de este fondo...",neg,-0.375,
12931,,"y con gustavo petro, los grupos capitalistas se vuelven mas ricos, y no como con duque uribe que ya eramos como venezuela y con gustavo petro, los grupos capitalistas se vuelven mas ricos, y no como con duque uribe que ya eramos como venezuela",neg,-0.25,
12296,,"por eso fico no aparece por ning√∫n lado en la demanda si el que demand√≥ fue quintero y gan√≥ la sentencia contra mapfre, fico incluso justific√≥ que eso fue un desastre natural, h√°game el favor defendiendo a los que quer√≠an robar. medell√≠n. por eso fico no aparece por ning√∫n lado en la demanda si el que demand√≥ fue quintero y gan√≥ la sentencia contra mapfre, fico incluso justific√≥ que eso fue un desastre natural, h√°game el favor defendiendo a los que quer√≠an robar. medell√≠n.",neg,-0.49999999999999994,
4786,allianz,"carrera allianz 15k medell√≠n: dos mil √°rboles ser√°n donados al valle de aburr√° ...solo ser√° un evento deportivo de gran relevancia en el calendario atl√©tico, sino tambi√©n una iniciativa con un fuerte compromiso ambiental. allianz colombia, la aseguradora m√°s antigua del pa√≠s y la √∫nica con un fondo voluntario de pensiones, anunci√≥ que...",neg,-0.49549999999999994,
10890,fiduciaria previsora,"destituyen a olmedo l√≥pez y sneyder pinilla por esc√°ndalo de carrotanques ...fiduciaria la previsora realizar los pagos al contratista. pinilla, por su parte, aval√≥ el pago del contrato a pesar de conocer que las tres cotizaciones presentadas estaban infladas. adem√°s, certific√≥ falsamente la entrega de los veh√≠culos, que nunca...",neg,-0.812,
8103,,"absurdas las trabas y y la poca empat√≠a de la gente de para resolver un caso de la arl, desgastante intentar solucionar algo con esa gente, que adem√°s no tienen ning√∫n punto f√≠sico para ir, todo toca por whatsapp, p√©simo absurdas las trabas y y la poca empat√≠a de la gente de para resolver un caso de la arl, desgastante intentar solucionar algo con esa gente, que adem√°s no tienen ning√∫n punto f√≠sico para ir, todo toca por whatsapp, p√©simo",neg,-0.375,
1224,,hay que tirarles el tel√©fono apenas entra la llamada para que entiendan que uno no quiere el seguro que ofrecen. me afiliaron sin mi consentimiento y ahora no me responden por ning√∫n canal. abusivos! hay que tirarles el tel√©fono apenas entra la llamada para que entiendan que uno no quiere el seguro que ofrecen. me afiliaron sin mi consentimiento y ahora no me responden por ning√∫n canal. abusivos!,neg,-0.5082,
8781,axa colpatria,"siempre sospecha cuando te ofrezcan descuentos muy altos por la compra de tu soat‚ùå.‚Äã‚Äã en axa colpatria te ense√±amos c√≥mo prevenir enga√±os üõ°Ô∏è.‚Äã‚Äã ¬°comparte esta informaci√≥n! üîÑ‚Äã‚Äã somos 100% soat, 0% fraude üíØüöóüö´‚Äã‚Äã axacolpatria‚Äã‚Äã antifraude siempre sospecha cuando te ofrezcan descuentos muy altos por la compra de tu soat‚ùå.‚Äã‚Äã en axa colpatria te ense√±amos c√≥mo prevenir enga√±os üõ°Ô∏è.‚Äã‚Äã ¬°comparte esta informaci√≥n! üîÑ‚Äã‚Äã somos 100% soat, 0% fraude üíØüöóüö´‚Äã‚Äã axacolpatria‚Äã‚Äã antifraude",neg,-0.5,
9983,sura,"justamente, es a seguros sura al que le sta haciendo el reclamo, no a eps sura. justamente, es a seguros sura al que le sta haciendo el reclamo, no a eps sura.",neg,-0.6,
7879,,"^se√±ores le esta negando la atenci√≥n en riesgos laborales a mi esposa, lleva 6 meses esperando un procedimiento no le aprueban acompa√±ante, no le aprueban los transporte, le ha dilatado todo, le ha tocado asumir viaticos ^se√±ores le esta negando la atenci√≥n en riesgos laborales a mi esposa, lleva 6 meses esperando un procedimiento no le aprueban acompa√±ante, no le aprueban los transporte, le ha dilatado todo, le ha tocado asumir viaticos",neg,-1.75,
5158,seguros bolivar,"dura advertencia del supersalud por retiro de las eps | la fm ...documentos necesarios para iniciar el estudio, mientras que seguros bol√≠var apenas ayer present√≥ su solicitud"". destac√≥ que en el caso de la eps sura, siguen estudiando el plan de desmonte al estar en los tiempos reglamentarios. ""en el caso de sura estamos en...",neg,-0.5936,
117,,noticierow | vamos pa'lante: axa colpatria se sum√≥ a pa'lante colombia con 150 millones de pesos >> noticierow | vamos pa'lante: axa colpatria se sum√≥ a pa'lante colombia con 150 millones de pesos >>,neg,-1.0,
13524,fiduciaria previsora,"expresamos condolencias a nancy elizabeth silva, trabajadora de casa matriz de previsora seguros, por el fallecimiento de su padre pablo emilio. fortaleza ante su perdida. ¬°paz en su tumba! expresamos condolencias a nancy elizabeth silva, trabajadora de casa matriz de previsora seguros, por el fallecimiento de su padre pablo emilio. fortaleza ante su perdida. ¬°paz en su tumba!",neg,-3.5,
593,,"despu√©s de 10 meses de estar parqueados, carrotanques en la guajira empiezan a operar ...distribuir√°n algunos de los carrotanques, lo que quiere decir que podr√≠an entrar a trabajar en cualquier momento. los veh√≠culos pudieron empezar a rodar luego de que pudieran asegurarlos. la p√≥liza con la previsora s.a..a..a..a..a..a..a. compa√±√≠a de seguros tuvo un costo de 1.600...",neg,-0.375,
7861,allianz,"tribunal declara responsable a cirujana por muerte de reconocida cantante vallenata en procedimiento est√©tico ...paralelo, otros implicados en el caso, incluyendo a fabio vargas lobo, la sociedad cl√≠nica valledupar y allianz seguros, han llegado a un acuerdo conciliatorio con la familia de la v√≠ctima, otorgando una compensaci√≥n monetaria significativa, aunque no se...",neg,-0.375,
14235,fiduciaria previsora,es mentira la previsora existe desde hace m√°s de 30 a√±os es mentira la previsora existe desde hace m√°s de 30 a√±os,neg,-0.6,
1563,mapfre,"chile y argentina tienen mayor penetraci√≥n de seguros en latam, pero los desaf√≠os siguen ...-0.07%130,639.33s&p/bmv ipc -0.56%50,877.24btc/usd -0.77%72,271.54 bloomberg l√≠nea - al cierre de 2023, el mercado asegurador de am√©rica latina se expandi√≥ un 17,1% hasta los us$203.354 millones, de acuerdo con un informe de mapfre economics publicado...",neg,-1.0,
3599,,"es el grupo de hambrientos que mas roban. increible la mentira 525% crecio el capital judio de gilinsky y la sicaria de los medios su sirvienta crea panico economico art 302 c p c para desestabilizar el pais, divulgue al publico mentiras, conspiran y atracan a col es el grupo de hambrientos que mas roban. increible la mentira 525% crecio el capital judio de gilinsky y la sicaria de los medios su sirvienta crea panico economico art 302 c p c para desestabilizar el pais, divulgue al publico mentiras, conspiran y atracan a col",neg,-1.412,
6160,,"hoy quiero hacer un reconocimiento muy especial a la empresa vaxthera y a seguros sura, por la inauguraci√≥n el d√≠a de ayer en el municipio de rionegro de la primera planta para la producci√≥n de vacunas en colombia, la cual producir√° 100 millones de vacunas al a√±o. es un avance‚Ä¶ hoy quiero hacer un reconocimiento muy especial a la empresa vaxthera y a seguros sura, por la inauguraci√≥n el d√≠a de ayer en el municipio de rionegro de la primera planta para la producci√≥n de vacunas en colombia, la cual producir√° 100 millones de vacunas al a√±o. es un avance‚Ä¶",neg,-0.6779999999999999,
12226,,me pregunto si no ser√° mejor tener 50% de participaci√≥n en grupo sura... me pregunto si no ser√° mejor tener 50% de participaci√≥n en grupo sura...,neg,-0.5,
977,seguros bolivar,"mejorando el sector constructor: carlos arango uribe ..., un hombre lleno de grandes metas y un solo prop√≥sito: servir al que lo necesite. arango uribe inici√≥ su carrera con el grupo bol√≠var en 1978. ha sido miembro de las juntas directivas de davivienda, fiduciaria davivienda y seguros bol√≠var. su liderazgo ha...",neg,-0.429,
9524,,"que estas preguntas inesperadas no le corten el sue√±o, cuente con nuestro seguro de hogar. que estas preguntas inesperadas no le corten el sue√±o, cuente con nuestro seguro de hogar.",neg,-0.315,
12695,,"deber√≠a renunciar, pero como no tiene dignidad, no lo har√°, lo que les importa es la plata y el poder, tradici√≥n y herencia de los pol√≠ticos colombianos, hemos cambiado pero no la situaci√≥n del pa√≠s sino el partido de los pol√≠ticos que nos roban el dinero. deber√≠a renunciar, pero como no tiene dignidad, no lo har√°, lo que les importa es la plata y el poder, tradici√≥n y herencia de los pol√≠ticos colombianos, hemos cambiado pero no la situaci√≥n del pa√≠s sino el partido de los pol√≠ticos que nos roban el dinero.",neg,-2.044,
4095,,"y revisando las respuestas del twitter de evidenci√≥ que no soy el √∫nico al que le ha pasado, revisen esto de una vez y revisando las respuestas del twitter de evidenci√≥ que no soy el √∫nico al que le ha pasado, revisen esto de una vez",neg,-0.33299999999999996,
7510,,"te financiaron en mas de cien millones seguros bol√≠var, mercantil colpatria, tecnoqu√≠micas y jgb; empresas proveedoras del sistema de salud y oferentes de medicina prepagada que indicar√≠an un claro conflicto de inter√©s. impedido hasta para opinar. te financiaron en mas de cien millones seguros bol√≠var, mercantil colpatria, tecnoqu√≠micas y jgb; empresas proveedoras del sistema de salud y oferentes de medicina prepagada que indicar√≠an un claro conflicto...",neg,-0.873,
9584,seguros bolivar,caso desde octubre 2022 y no resuelven de fondo y ni la super ni la defensor√≠a se pronuncian seguros bol√≠var roba gente con lo que promete y no cumple la da√±aron..... caso desde octubre 2022 y no resuelven de fondo y ni la super ni la defensor√≠a se pronuncian seguros bol√≠var roba gente con lo que promete y no cumple la da√±aron.....,neg,-0.375,
6920,,"en fin yo pregunt√© a daviplata por chat y me dicen que obviamente no son ellos, pero como uno hace para denunciar esto o que uds puedan hacer algo en fin yo pregunt√© a daviplata por chat y me dicen que obviamente no son ellos, pero como uno hace para denunciar esto o que uds puedan hacer algo",neg,-0.25,
10683,,"procuradur√≠a inhabilit√≥ a olmedo l√≥pez por 18 a√±os y a sneyder pinilla por 20 a√±os ...fiduciaria la previsora, por lo que tambi√©n habr√≠a participado en el detrimento del patrimonio. ""su comportamiento irregular se calific√≥ como falta grav√≠sima cometida a t√≠tulo de culpa grav√≠sima por desatenci√≥n elemental de sus deberes como exdirector general...",neg,-2.375,
7303,,"mi mam√° tuvo un accidente laboral y tras reportarlo a la arl de la han tenido recorriendo pereira buscando en d√≥nde la atiendan. ella, con la cara inflamada, medio viendo por un ojo porque el otro tiene una lesi√≥n, ¬ødeber√≠a estar buscando qui√©n la atienda? mi mam√° tuvo un accidente laboral y tras reportarlo a la arl de la han tenido recorriendo pereira buscando en d√≥nde la atiendan. ella, con la cara inflamada, medio viendo por un ojo porque el otro tiene una lesi√≥n, ¬ødeber√≠a estar buscando qui√©n la atienda?",neg,-2.5,
285,,por qu√© borraron el mensaje anterior en el que me ped√≠an mis datos para escalar la situaci√≥n y vuelven a colocar los enlaces y los numerales donde es imposible comunicarse. por qu√© borraron el mensaje anterior en el que me ped√≠an mis datos para escalar la situaci√≥n y vuelven a colocar los enlaces y los numerales donde es imposible comunicarse.,neg,-1.0,
568,,"llegan a santa marta 35 carrotanques para suministro de agua ‚Äì eldato.co ...anterior. el contrato de aseguramiento fue adjudicado a la previsora s.a..a..a..a..a..a..a. compa√±√≠a de seguros, por un monto de $1.600 millones el arribo de los carrotanques responde a la creciente necesidad de agua en santa marta, donde se han reportado problemas de...",neg,-0.375,
